Model,Accuracy,AUC
CNN,0.45917001338688085,0.4139757299885791
RNN,0.46069994262765346,0.43436290534220057
Hybrid,0.4674890036335819,0.45866731650044396
